<?xml version="1.0" encoding="UTF-8"?>
<project-private xmlns="http://www.netbeans.org/ns/project-private/1">
    <editor-bookmarks xmlns="http://www.netbeans.org/ns/editor-bookmarks/2" lastBookmarkId="0"/>
    <open-files xmlns="http://www.netbeans.org/ns/projectui-open-files/2">
        <group>
            <file>file:/C:/Users/G50-70/Documents/NetBeansProjects/tiffin/src/tiffin/adminscreen.java</file>
            <file>file:/C:/Users/G50-70/Documents/NetBeansProjects/tiffin/src/tiffin/login.java</file>
            <file>file:/C:/Users/G50-70/Documents/NetBeansProjects/tiffin/src/tiffin/Add_Customer_1.java</file>
        </group>
    </open-files>
</project-private>
